Campaign,Ad group,Ad group status
Trail Maps - East,Killington,Enabled
Trail Maps - East,Stowe,Enabled
Trail Maps - East,Okemo,Enabled
Trail Maps - East,Sugarbush,Enabled
Trail Maps - East,Jay Peak,Enabled
Trail Maps - East,Whiteface,Enabled
Trail Maps - West,Winter Park,Enabled
Trail Maps - West,Breckenridge,Enabled
Trail Maps - West,Copper Mountain,Enabled
Trail Maps - West,Keystone,Enabled
Trail Maps - West,Vail,Enabled
Trail Maps - East,Hunter Mountain,Enabled
Trail Maps - East,Wildcat Mountain,Enabled
Trail Maps - East,Sunday River,Enabled
Trail Maps - East,Sugarloaf,Enabled
Trail Maps - East,Smugglers' Notch,Enabled
Trail Maps - West,Whistler Blackcomb,Enabled
Trail Maps - West,Park City Mountain,Enabled
Ski Run Tracker,Ski Run Tracker,Enabled
Ski Run Tracker,Ski Trail Checklist,Enabled
Ski Run Tracker,Ski Trip Log,Enabled
Ski Run Tracker,Interactive Trail Maps,Enabled
Ski Run Tracker,Brand,Enabled
