Campaign,Ad group,Keyword,Criterion type
Trail Maps - East,,bike,Campaign negative phrase
Trail Maps - East,,bikes,Campaign negative phrase
Trail Maps - East,,biking,Campaign negative phrase
Trail Maps - East,,mtb,Campaign negative phrase
Trail Maps - East,,mountain bike,Campaign negative phrase
Trail Maps - East,,mountain biking,Campaign negative phrase
Trail Maps - East,,bike park,Campaign negative phrase
Trail Maps - East,,hike,Campaign negative phrase
Trail Maps - East,,hikes,Campaign negative phrase
Trail Maps - East,,hiking,Campaign negative phrase
Trail Maps - East,,summer,Campaign negative phrase
Trail Maps - East,,golf,Campaign negative phrase
Trail Maps - East,,disc golf,Campaign negative phrase
Trail Maps - East,,zipline,Campaign negative phrase
Trail Maps - East,,zip line,Campaign negative phrase
Trail Maps - East,,alpine slide,Campaign negative phrase
Trail Maps - East,,coaster,Campaign negative phrase
Trail Maps - East,,trail running,Campaign negative phrase
Trail Maps - East,,foliage,Campaign negative phrase
Trail Maps - East,,fishing,Campaign negative phrase
Trail Maps - East,,camping,Campaign negative phrase
Trail Maps - East,,horseback,Campaign negative phrase
Trail Maps - East,,atv,Campaign negative phrase
Trail Maps - East,,snowmobile,Campaign negative phrase
Trail Maps - East,,snowmobiling,Campaign negative phrase
Trail Maps - East,,snowshoe,Campaign negative phrase
Trail Maps - East,,snowshoeing,Campaign negative phrase
Trail Maps - East,,nordic,Campaign negative phrase
Trail Maps - East,,cross country,Campaign negative phrase
Trail Maps - East,,xc,Campaign negative phrase
Trail Maps - East,,fat bike,Campaign negative phrase
Trail Maps - East,,tubing,Campaign negative phrase
Trail Maps - East,,ice skating,Campaign negative phrase
Trail Maps - East,,waterpark,Campaign negative phrase
Trail Maps - East,,water park,Campaign negative phrase
Trail Maps - East,,hotel,Campaign negative phrase
Trail Maps - East,,hotels,Campaign negative phrase
Trail Maps - East,,lodging,Campaign negative phrase
Trail Maps - East,,condo,Campaign negative phrase
Trail Maps - East,,condos,Campaign negative phrase
Trail Maps - East,,airbnb,Campaign negative phrase
Trail Maps - East,,vrbo,Campaign negative phrase
Trail Maps - East,,rental,Campaign negative phrase
Trail Maps - East,,rentals,Campaign negative phrase
Trail Maps - East,,real estate,Campaign negative phrase
Trail Maps - East,,homes for sale,Campaign negative phrase
Trail Maps - East,,restaurant,Campaign negative phrase
Trail Maps - East,,restaurants,Campaign negative phrase
Trail Maps - East,,dining,Campaign negative phrase
Trail Maps - East,,menu,Campaign negative phrase
Trail Maps - East,,brewery,Campaign negative phrase
Trail Maps - East,,lift ticket,Campaign negative phrase
Trail Maps - East,,lift tickets,Campaign negative phrase
Trail Maps - East,,ticket,Campaign negative phrase
Trail Maps - East,,tickets,Campaign negative phrase
Trail Maps - East,,epic pass,Campaign negative phrase
Trail Maps - East,,ikon pass,Campaign negative phrase
Trail Maps - East,,season pass,Campaign negative phrase
Trail Maps - East,,indy pass,Campaign negative phrase
Trail Maps - East,,price,Campaign negative phrase
Trail Maps - East,,prices,Campaign negative phrase
Trail Maps - East,,cost,Campaign negative phrase
Trail Maps - East,,deals,Campaign negative phrase
Trail Maps - East,,discount,Campaign negative phrase
Trail Maps - East,,coupon,Campaign negative phrase
Trail Maps - East,,weather,Campaign negative phrase
Trail Maps - East,,forecast,Campaign negative phrase
Trail Maps - East,,snow report,Campaign negative phrase
Trail Maps - East,,webcam,Campaign negative phrase
Trail Maps - East,,webcams,Campaign negative phrase
Trail Maps - East,,web cam,Campaign negative phrase
Trail Maps - East,,cam,Campaign negative phrase
Trail Maps - East,,cams,Campaign negative phrase
Trail Maps - East,,live cam,Campaign negative phrase
Trail Maps - East,,grooming report,Campaign negative phrase
Trail Maps - East,,lift status,Campaign negative phrase
Trail Maps - East,,trails open,Campaign negative phrase
Trail Maps - East,,open today,Campaign negative phrase
Trail Maps - East,,closed,Campaign negative phrase
Trail Maps - East,,closure,Campaign negative phrase
Trail Maps - East,,closures,Campaign negative phrase
Trail Maps - East,,hours,Campaign negative phrase
Trail Maps - East,,opening day,Campaign negative phrase
Trail Maps - East,,closing day,Campaign negative phrase
Trail Maps - East,,snowfall,Campaign negative phrase
Trail Maps - East,,snow depth,Campaign negative phrase
Trail Maps - East,,parking,Campaign negative phrase
Trail Maps - East,,shuttle,Campaign negative phrase
Trail Maps - East,,bus,Campaign negative phrase
Trail Maps - East,,directions,Campaign negative phrase
Trail Maps - East,,airport,Campaign negative phrase
Trail Maps - East,,address,Campaign negative phrase
Trail Maps - East,,job,Campaign negative phrase
Trail Maps - East,,jobs,Campaign negative phrase
Trail Maps - East,,employment,Campaign negative phrase
Trail Maps - East,,careers,Campaign negative phrase
Trail Maps - East,,hiring,Campaign negative phrase
Trail Maps - East,,salary,Campaign negative phrase
Trail Maps - East,,internship,Campaign negative phrase
Trail Maps - East,,poster,Campaign negative phrase
Trail Maps - East,,posters,Campaign negative phrase
Trail Maps - East,,framed,Campaign negative phrase
Trail Maps - East,,canvas,Campaign negative phrase
Trail Maps - East,,art,Campaign negative phrase
Trail Maps - East,,artwork,Campaign negative phrase
Trail Maps - East,,decor,Campaign negative phrase
Trail Maps - East,,puzzle,Campaign negative phrase
Trail Maps - East,,jigsaw,Campaign negative phrase
Trail Maps - East,,shirt,Campaign negative phrase
Trail Maps - East,,t shirt,Campaign negative phrase
Trail Maps - East,,tshirt,Campaign negative phrase
Trail Maps - East,,hoodie,Campaign negative phrase
Trail Maps - East,,sweatshirt,Campaign negative phrase
Trail Maps - East,,mug,Campaign negative phrase
Trail Maps - East,,glass,Campaign negative phrase
Trail Maps - East,,glasses,Campaign negative phrase
Trail Maps - East,,pint glass,Campaign negative phrase
Trail Maps - East,,blanket,Campaign negative phrase
Trail Maps - East,,pillow,Campaign negative phrase
Trail Maps - East,,rug,Campaign negative phrase
Trail Maps - East,,ornament,Campaign negative phrase
Trail Maps - East,,sticker,Campaign negative phrase
Trail Maps - East,,stickers,Campaign negative phrase
Trail Maps - East,,wallpaper,Campaign negative phrase
Trail Maps - East,,vintage,Campaign negative phrase
Trail Maps - East,,3d,Campaign negative phrase
Trail Maps - East,,wood,Campaign negative phrase
Trail Maps - East,,wooden,Campaign negative phrase
Trail Maps - East,,carved,Campaign negative phrase
Trail Maps - East,,painting,Campaign negative phrase
Trail Maps - East,,etsy,Campaign negative phrase
Trail Maps - East,,amazon,Campaign negative phrase
Trail Maps - East,,buy,Campaign negative phrase
Trail Maps - East,,shop,Campaign negative phrase
Trail Maps - East,,accident,Campaign negative phrase
Trail Maps - East,,death,Campaign negative phrase
Trail Maps - East,,died,Campaign negative phrase
Trail Maps - East,,dies,Campaign negative phrase
Trail Maps - East,,killed,Campaign negative phrase
Trail Maps - East,,injury,Campaign negative phrase
Trail Maps - East,,lawsuit,Campaign negative phrase
Trail Maps - East,,avalanche,Campaign negative phrase
Trail Maps - East,,crash,Campaign negative phrase
Trail Maps - East,,news,Campaign negative phrase
Trail Maps - East,,wedding,Campaign negative phrase
Trail Maps - East,,weddings,Campaign negative phrase
Trail Maps - East,,conference,Campaign negative phrase
Trail Maps - East,,employee,Campaign negative phrase
Trail Maps - East,,lessons,Campaign negative phrase
Trail Maps - East,,ski school,Campaign negative phrase
Trail Maps - East,,demo,Campaign negative phrase
Trail Maps - East,,tuning,Campaign negative phrase
Trail Maps - East,,lockers,Campaign negative phrase
Trail Maps - East,,daycare,Campaign negative phrase
Trail Maps - East,,childcare,Campaign negative phrase
Trail Maps - West,,bike,Campaign negative phrase
Trail Maps - West,,bikes,Campaign negative phrase
Trail Maps - West,,biking,Campaign negative phrase
Trail Maps - West,,mtb,Campaign negative phrase
Trail Maps - West,,mountain bike,Campaign negative phrase
Trail Maps - West,,mountain biking,Campaign negative phrase
Trail Maps - West,,bike park,Campaign negative phrase
Trail Maps - West,,hike,Campaign negative phrase
Trail Maps - West,,hikes,Campaign negative phrase
Trail Maps - West,,hiking,Campaign negative phrase
Trail Maps - West,,summer,Campaign negative phrase
Trail Maps - West,,golf,Campaign negative phrase
Trail Maps - West,,disc golf,Campaign negative phrase
Trail Maps - West,,zipline,Campaign negative phrase
Trail Maps - West,,zip line,Campaign negative phrase
Trail Maps - West,,alpine slide,Campaign negative phrase
Trail Maps - West,,coaster,Campaign negative phrase
Trail Maps - West,,trail running,Campaign negative phrase
Trail Maps - West,,foliage,Campaign negative phrase
Trail Maps - West,,fishing,Campaign negative phrase
Trail Maps - West,,camping,Campaign negative phrase
Trail Maps - West,,horseback,Campaign negative phrase
Trail Maps - West,,atv,Campaign negative phrase
Trail Maps - West,,snowmobile,Campaign negative phrase
Trail Maps - West,,snowmobiling,Campaign negative phrase
Trail Maps - West,,snowshoe,Campaign negative phrase
Trail Maps - West,,snowshoeing,Campaign negative phrase
Trail Maps - West,,nordic,Campaign negative phrase
Trail Maps - West,,cross country,Campaign negative phrase
Trail Maps - West,,xc,Campaign negative phrase
Trail Maps - West,,fat bike,Campaign negative phrase
Trail Maps - West,,tubing,Campaign negative phrase
Trail Maps - West,,ice skating,Campaign negative phrase
Trail Maps - West,,waterpark,Campaign negative phrase
Trail Maps - West,,water park,Campaign negative phrase
Trail Maps - West,,hotel,Campaign negative phrase
Trail Maps - West,,hotels,Campaign negative phrase
Trail Maps - West,,lodging,Campaign negative phrase
Trail Maps - West,,condo,Campaign negative phrase
Trail Maps - West,,condos,Campaign negative phrase
Trail Maps - West,,airbnb,Campaign negative phrase
Trail Maps - West,,vrbo,Campaign negative phrase
Trail Maps - West,,rental,Campaign negative phrase
Trail Maps - West,,rentals,Campaign negative phrase
Trail Maps - West,,real estate,Campaign negative phrase
Trail Maps - West,,homes for sale,Campaign negative phrase
Trail Maps - West,,restaurant,Campaign negative phrase
Trail Maps - West,,restaurants,Campaign negative phrase
Trail Maps - West,,dining,Campaign negative phrase
Trail Maps - West,,menu,Campaign negative phrase
Trail Maps - West,,brewery,Campaign negative phrase
Trail Maps - West,,lift ticket,Campaign negative phrase
Trail Maps - West,,lift tickets,Campaign negative phrase
Trail Maps - West,,ticket,Campaign negative phrase
Trail Maps - West,,tickets,Campaign negative phrase
Trail Maps - West,,epic pass,Campaign negative phrase
Trail Maps - West,,ikon pass,Campaign negative phrase
Trail Maps - West,,season pass,Campaign negative phrase
Trail Maps - West,,indy pass,Campaign negative phrase
Trail Maps - West,,price,Campaign negative phrase
Trail Maps - West,,prices,Campaign negative phrase
Trail Maps - West,,cost,Campaign negative phrase
Trail Maps - West,,deals,Campaign negative phrase
Trail Maps - West,,discount,Campaign negative phrase
Trail Maps - West,,coupon,Campaign negative phrase
Trail Maps - West,,weather,Campaign negative phrase
Trail Maps - West,,forecast,Campaign negative phrase
Trail Maps - West,,snow report,Campaign negative phrase
Trail Maps - West,,webcam,Campaign negative phrase
Trail Maps - West,,webcams,Campaign negative phrase
Trail Maps - West,,web cam,Campaign negative phrase
Trail Maps - West,,cam,Campaign negative phrase
Trail Maps - West,,cams,Campaign negative phrase
Trail Maps - West,,live cam,Campaign negative phrase
Trail Maps - West,,grooming report,Campaign negative phrase
Trail Maps - West,,lift status,Campaign negative phrase
Trail Maps - West,,trails open,Campaign negative phrase
Trail Maps - West,,open today,Campaign negative phrase
Trail Maps - West,,closed,Campaign negative phrase
Trail Maps - West,,closure,Campaign negative phrase
Trail Maps - West,,closures,Campaign negative phrase
Trail Maps - West,,hours,Campaign negative phrase
Trail Maps - West,,opening day,Campaign negative phrase
Trail Maps - West,,closing day,Campaign negative phrase
Trail Maps - West,,snowfall,Campaign negative phrase
Trail Maps - West,,snow depth,Campaign negative phrase
Trail Maps - West,,parking,Campaign negative phrase
Trail Maps - West,,shuttle,Campaign negative phrase
Trail Maps - West,,bus,Campaign negative phrase
Trail Maps - West,,directions,Campaign negative phrase
Trail Maps - West,,airport,Campaign negative phrase
Trail Maps - West,,address,Campaign negative phrase
Trail Maps - West,,job,Campaign negative phrase
Trail Maps - West,,jobs,Campaign negative phrase
Trail Maps - West,,employment,Campaign negative phrase
Trail Maps - West,,careers,Campaign negative phrase
Trail Maps - West,,hiring,Campaign negative phrase
Trail Maps - West,,salary,Campaign negative phrase
Trail Maps - West,,internship,Campaign negative phrase
Trail Maps - West,,poster,Campaign negative phrase
Trail Maps - West,,posters,Campaign negative phrase
Trail Maps - West,,framed,Campaign negative phrase
Trail Maps - West,,canvas,Campaign negative phrase
Trail Maps - West,,art,Campaign negative phrase
Trail Maps - West,,artwork,Campaign negative phrase
Trail Maps - West,,decor,Campaign negative phrase
Trail Maps - West,,puzzle,Campaign negative phrase
Trail Maps - West,,jigsaw,Campaign negative phrase
Trail Maps - West,,shirt,Campaign negative phrase
Trail Maps - West,,t shirt,Campaign negative phrase
Trail Maps - West,,tshirt,Campaign negative phrase
Trail Maps - West,,hoodie,Campaign negative phrase
Trail Maps - West,,sweatshirt,Campaign negative phrase
Trail Maps - West,,mug,Campaign negative phrase
Trail Maps - West,,glass,Campaign negative phrase
Trail Maps - West,,glasses,Campaign negative phrase
Trail Maps - West,,pint glass,Campaign negative phrase
Trail Maps - West,,blanket,Campaign negative phrase
Trail Maps - West,,pillow,Campaign negative phrase
Trail Maps - West,,rug,Campaign negative phrase
Trail Maps - West,,ornament,Campaign negative phrase
Trail Maps - West,,sticker,Campaign negative phrase
Trail Maps - West,,stickers,Campaign negative phrase
Trail Maps - West,,wallpaper,Campaign negative phrase
Trail Maps - West,,vintage,Campaign negative phrase
Trail Maps - West,,3d,Campaign negative phrase
Trail Maps - West,,wood,Campaign negative phrase
Trail Maps - West,,wooden,Campaign negative phrase
Trail Maps - West,,carved,Campaign negative phrase
Trail Maps - West,,painting,Campaign negative phrase
Trail Maps - West,,etsy,Campaign negative phrase
Trail Maps - West,,amazon,Campaign negative phrase
Trail Maps - West,,buy,Campaign negative phrase
Trail Maps - West,,shop,Campaign negative phrase
Trail Maps - West,,accident,Campaign negative phrase
Trail Maps - West,,death,Campaign negative phrase
Trail Maps - West,,died,Campaign negative phrase
Trail Maps - West,,dies,Campaign negative phrase
Trail Maps - West,,killed,Campaign negative phrase
Trail Maps - West,,injury,Campaign negative phrase
Trail Maps - West,,lawsuit,Campaign negative phrase
Trail Maps - West,,avalanche,Campaign negative phrase
Trail Maps - West,,crash,Campaign negative phrase
Trail Maps - West,,news,Campaign negative phrase
Trail Maps - West,,wedding,Campaign negative phrase
Trail Maps - West,,weddings,Campaign negative phrase
Trail Maps - West,,conference,Campaign negative phrase
Trail Maps - West,,employee,Campaign negative phrase
Trail Maps - West,,lessons,Campaign negative phrase
Trail Maps - West,,ski school,Campaign negative phrase
Trail Maps - West,,demo,Campaign negative phrase
Trail Maps - West,,tuning,Campaign negative phrase
Trail Maps - West,,lockers,Campaign negative phrase
Trail Maps - West,,daycare,Campaign negative phrase
Trail Maps - West,,childcare,Campaign negative phrase
Ski Run Tracker,,gps,Campaign negative phrase
Ski Run Tracker,,watch,Campaign negative phrase
Ski Run Tracker,,apple watch,Campaign negative phrase
Ski Run Tracker,,garmin,Campaign negative phrase
Ski Run Tracker,,fitbit,Campaign negative phrase
Ski Run Tracker,,smartwatch,Campaign negative phrase
Ski Run Tracker,,wear os,Campaign negative phrase
Ski Run Tracker,,speed,Campaign negative phrase
Ski Run Tracker,,speedometer,Campaign negative phrase
Ski Run Tracker,,altimeter,Campaign negative phrase
Ski Run Tracker,,vertical,Campaign negative phrase
Ski Run Tracker,,heart rate,Campaign negative phrase
Ski Run Tracker,,strava,Campaign negative phrase
Ski Run Tracker,,slopes app,Campaign negative phrase
Ski Run Tracker,,ski tracks,Campaign negative phrase
Ski Run Tracker,,skitracks,Campaign negative phrase
Ski Run Tracker,,epicmix,Campaign negative phrase
Ski Run Tracker,,epic mix,Campaign negative phrase
Ski Run Tracker,,epic,Campaign negative phrase
Ski Run Tracker,,my epic,Campaign negative phrase
Ski Run Tracker,,ikon,Campaign negative phrase
Ski Run Tracker,,fatmap,Campaign negative phrase
Ski Run Tracker,,snocru,Campaign negative phrase
Ski Run Tracker,,skiing yeti,Campaign negative phrase
Ski Run Tracker,,trace snow,Campaign negative phrase
Ski Run Tracker,,carv,Campaign negative phrase
Ski Run Tracker,,jet ski,Campaign negative phrase
Ski Run Tracker,,jetski,Campaign negative phrase
Ski Run Tracker,,water ski,Campaign negative phrase
Ski Run Tracker,,waterski,Campaign negative phrase
Ski Run Tracker,,ski boat,Campaign negative phrase
Ski Run Tracker,,skierg,Campaign negative phrase
Ski Run Tracker,,ski erg,Campaign negative phrase
Ski Run Tracker,,ski machine,Campaign negative phrase
Ski Run Tracker,,simulator,Campaign negative phrase
Ski Run Tracker,,indoor,Campaign negative phrase
Ski Run Tracker,,game,Campaign negative phrase
Ski Run Tracker,,games,Campaign negative phrase
Ski Run Tracker,,roblox,Campaign negative phrase
Ski Run Tracker,,minecraft,Campaign negative phrase
Ski Run Tracker,,nordic,Campaign negative phrase
Ski Run Tracker,,cross country,Campaign negative phrase
Ski Run Tracker,,xc,Campaign negative phrase
Ski Run Tracker,,backcountry,Campaign negative phrase
Ski Run Tracker,,touring,Campaign negative phrase
Ski Run Tracker,,skate ski,Campaign negative phrase
Ski Run Tracker,,apk,Campaign negative phrase
Ski Run Tracker,,mod,Campaign negative phrase
Ski Run Tracker,,hack,Campaign negative phrase
Ski Run Tracker,,job,Campaign negative phrase
Ski Run Tracker,,jobs,Campaign negative phrase
Ski Run Tracker,,career,Campaign negative phrase
Ski Run Tracker,,careers,Campaign negative phrase
Ski Run Tracker,,beacon,Campaign negative phrase
Ski Run Tracker,,transceiver,Campaign negative phrase
Ski Run Tracker,,avalanche,Campaign negative phrase
Ski Run Tracker,,airtag,Campaign negative phrase
Ski Run Tracker,,device,Campaign negative phrase
Ski Run Tracker,,lift line,Campaign negative phrase
Ski Run Tracker,,wait time,Campaign negative phrase
Ski Run Tracker,,wait times,Campaign negative phrase
Ski Run Tracker,,weather,Campaign negative phrase
Ski Run Tracker,,forecast,Campaign negative phrase
Ski Run Tracker,,snow report,Campaign negative phrase
Ski Run Tracker,,cabin,Campaign negative phrase
Ski Run Tracker,,cabins,Campaign negative phrase
Ski Run Tracker,,log home,Campaign negative phrase
Ski Run Tracker,,log homes,Campaign negative phrase
Ski Run Tracker,,magazine,Campaign negative phrase
Ski Run Tracker,,subscription,Campaign negative phrase
Trail Maps - East,Killington,pico,Negative phrase
Trail Maps - East,Killington,long trail,Negative phrase
Trail Maps - East,Killington,appalachian trail,Negative phrase
Trail Maps - East,Killington,bucklin,Negative phrase
Trail Maps - East,Stowe,recreation path,Negative phrase
Trail Maps - East,Stowe,rec path,Negative phrase
Trail Maps - East,Stowe,cady hill,Negative phrase
Trail Maps - East,Stowe,adams camp,Negative phrase
Trail Maps - East,Sugarbush,farm,Negative phrase
Trail Maps - East,Sugarbush,maple,Negative phrase
Trail Maps - East,Sugarbush,sugarhouse,Negative phrase
Trail Maps - East,Sugarbush,sugaring,Negative phrase
Trail Maps - East,Jay Peak,pump house,Negative phrase
Trail Maps - East,Jay Peak,long trail,Negative phrase
Trail Maps - East,Whiteface,highway,Negative phrase
Trail Maps - East,Whiteface,toll,Negative phrase
Trail Maps - East,Whiteface,castle,Negative phrase
Trail Maps - East,Whiteface,new hampshire,Negative phrase
Trail Maps - East,Whiteface,nh,Negative phrase
Trail Maps - West,Winter Park,florida,Negative phrase
Trail Maps - West,Winter Park,fl,Negative phrase
Trail Maps - West,Winter Park,orlando,Negative phrase
Trail Maps - West,Winter Park,rollins,Negative phrase
Trail Maps - West,Winter Park,cady way,Negative phrase
Trail Maps - West,Winter Park,trestle,Negative phrase
Trail Maps - West,Winter Park,chamber,Negative phrase
Trail Maps - West,Breckenridge,texas,Negative phrase
Trail Maps - West,Breckenridge,tx,Negative phrase
Trail Maps - West,Breckenridge,minnesota,Negative phrase
Trail Maps - West,Breckenridge,mn,Negative phrase
Trail Maps - West,Breckenridge,michigan,Negative phrase
Trail Maps - West,Breckenridge,distillery,Negative phrase
Trail Maps - West,Breckenridge,town map,Negative phrase
Trail Maps - West,Copper Mountain,college,Negative phrase
Trail Maps - West,Copper Mountain,copper harbor,Negative phrase
Trail Maps - West,Copper Mountain,copper canyon,Negative phrase
Trail Maps - West,Copper Mountain,arizona,Negative phrase
Trail Maps - West,Copper Mountain,az,Negative phrase
Trail Maps - West,Copper Mountain,mine,Negative phrase
Trail Maps - West,Keystone,south dakota,Negative phrase
Trail Maps - West,Keystone,sd,Negative phrase
Trail Maps - West,Keystone,rushmore,Negative phrase
Trail Maps - West,Keystone,state park,Negative phrase
Trail Maps - West,Keystone,pennsylvania,Negative phrase
Trail Maps - West,Keystone,pa,Negative phrase
Trail Maps - West,Keystone,heights,Negative phrase
Trail Maps - West,Keystone,florida,Negative phrase
Trail Maps - West,Keystone,oklahoma,Negative phrase
Trail Maps - West,Keystone,lake,Negative phrase
Trail Maps - West,Keystone,rv,Negative phrase
Trail Maps - West,Keystone,pipeline,Negative phrase
Trail Maps - West,Keystone,xl,Negative phrase
Trail Maps - West,Keystone,light,Negative phrase
Trail Maps - West,Vail,arizona,Negative phrase
Trail Maps - West,Vail,az,Negative phrase
Trail Maps - West,Vail,vail pass,Negative phrase
Trail Maps - West,Vail,vail lake,Negative phrase
Trail Maps - West,Vail,temecula,Negative phrase
Trail Maps - West,Vail,stock,Negative phrase
Trail Maps - West,Vail,investor,Negative phrase
Trail Maps - East,Hunter Mountain,fire tower,Negative phrase
Trail Maps - East,Hunter Mountain,spruceton,Negative phrase
Trail Maps - East,Hunter Mountain,devils path,Negative phrase
Trail Maps - East,Wildcat Mountain,wisconsin,Negative phrase
Trail Maps - East,Wildcat Mountain,state park,Negative phrase
Trail Maps - East,Wildcat Mountain,canyon,Negative phrase
Trail Maps - East,Wildcat Mountain,oregon,Negative phrase
Trail Maps - East,Wildcat Mountain,california,Negative phrase
Trail Maps - East,Sugarloaf,maryland,Negative phrase
Trail Maps - East,Sugarloaf,md,Negative phrase
Trail Maps - East,Sugarloaf,rio,Negative phrase
Trail Maps - East,Sugarloaf,brazil,Negative phrase
Trail Maps - East,Sugarloaf,key,Negative phrase
Trail Maps - East,Sugarloaf,keys,Negative phrase
Trail Maps - East,Sugarloaf,florida,Negative phrase
Trail Maps - East,Sugarloaf,state park,Negative phrase
Trail Maps - East,Sugarloaf,ridge,Negative phrase
Trail Maps - East,Sugarloaf,wisconsin,Negative phrase
Trail Maps - East,Sugarloaf,michigan,Negative phrase
Trail Maps - East,Sugarloaf,pennsylvania,Negative phrase
Trail Maps - East,Sugarloaf,california,Negative phrase
Trail Maps - East,Sugarloaf,australia,Negative phrase
Trail Maps - East,Smugglers' Notch,state park,Negative phrase
Trail Maps - East,Smugglers' Notch,road,Negative phrase
Trail Maps - East,Smugglers' Notch,pass,Negative phrase
Trail Maps - East,Smugglers' Notch,boulders,Negative phrase
Trail Maps - East,Smugglers' Notch,cave,Negative phrase
Trail Maps - East,Smugglers' Notch,campground,Negative phrase
Trail Maps - West,Whistler Blackcomb,jasper,Negative phrase
Trail Maps - West,Whistler Blackcomb,whistlers,Negative phrase
Trail Maps - West,Whistler Blackcomb,olympic park,Negative phrase
Trail Maps - West,Whistler Blackcomb,callaghan,Negative phrase
Trail Maps - West,Whistler Blackcomb,lost lake,Negative phrase
Trail Maps - West,Whistler Blackcomb,sliding,Negative phrase
Trail Maps - West,Whistler Blackcomb,garibaldi,Negative phrase
Trail Maps - West,Whistler Blackcomb,sea to sky,Negative phrase
Trail Maps - West,Whistler Blackcomb,village map,Negative phrase
Trail Maps - West,Whistler Blackcomb,train,Negative phrase
Trail Maps - West,Park City Mountain,deer valley,Negative phrase
Trail Maps - West,Park City Mountain,kansas,Negative phrase
Trail Maps - West,Park City Mountain,kentucky,Negative phrase
Trail Maps - West,Park City Mountain,montana,Negative phrase
Trail Maps - West,Park City Mountain,illinois,Negative phrase
Trail Maps - West,Park City Mountain,round valley,Negative phrase
Trail Maps - West,Park City Mountain,mountain trails,Negative phrase
Trail Maps - West,Park City Mountain,woodward,Negative phrase
Trail Maps - West,Park City Mountain,olympic park,Negative phrase
Trail Maps - West,Park City Mountain,main street,Negative phrase
Trail Maps - West,Palisades Tahoe,interstate,Negative phrase
Trail Maps - West,Palisades Tahoe,pacific palisades,Negative phrase
Trail Maps - West,Palisades Tahoe,palisades park,Negative phrase
Trail Maps - West,Palisades Tahoe,new jersey,Negative phrase
Trail Maps - West,Palisades Tahoe,nj,Negative phrase
Trail Maps - West,Palisades Tahoe,campground,Negative phrase
Trail Maps - West,Palisades Tahoe,rainier,Negative phrase
Trail Maps - West,Palisades Tahoe,apartments,Negative phrase
Trail Maps - West,Big Sky,football,Negative phrase
Trail Maps - West,Big Sky,basketball,Negative phrase
Trail Maps - West,Big Sky,softball,Negative phrase
Trail Maps - West,Big Sky,volleyball,Negative phrase
Trail Maps - West,Big Sky,tournament,Negative phrase
Trail Maps - West,Big Sky,tv,Negative phrase
Trail Maps - West,Big Sky,series,Negative phrase
Trail Maps - West,Big Sky,episode,Negative phrase
Trail Maps - West,Big Sky,cast,Negative phrase
Trail Maps - West,Big Sky,brewing,Negative phrase
Trail Maps - West,Big Sky,beer,Negative phrase
Trail Maps - West,Big Sky,australia,Negative phrase
Trail Maps - West,Big Sky,country,Negative phrase
Trail Maps - West,Heavenly,hash,Negative phrase
Trail Maps - West,Heavenly,ham,Negative phrase
Trail Maps - West,Heavenly,bed,Negative phrase
Trail Maps - West,Heavenly,bedding,Negative phrase
Trail Maps - West,Heavenly,mattress,Negative phrase
Trail Maps - West,Heavenly,spa,Negative phrase
Trail Maps - West,Heavenly,father,Negative phrase
Trail Maps - West,Heavenly,bodies,Negative phrase
Trail Maps - West,Heavenly,kingdom,Negative phrase
Trail Maps - West,Heavenly,creatures,Negative phrase
Trail Maps - West,Heavenly,delusion,Negative phrase
Trail Maps - West,Heavenly,sword,Negative phrase
Trail Maps - West,Heavenly,hawaiian,Negative phrase
Trail Maps - West,Heavenly,cookie,Negative phrase
Trail Maps - West,Heavenly,recipe,Negative phrase
Trail Maps - West,Heavenly,dessert,Negative phrase
Trail Maps - West,Deer Valley,arizona,Negative phrase
Trail Maps - West,Deer Valley,az,Negative phrase
Trail Maps - West,Deer Valley,phoenix,Negative phrase
Trail Maps - West,Deer Valley,california,Negative phrase
Trail Maps - West,Deer Valley,antioch,Negative phrase
Trail Maps - West,Deer Valley,pennsylvania,Negative phrase
Trail Maps - West,Deer Valley,pa,Negative phrase
Trail Maps - West,Deer Valley,hershey,Negative phrase
Trail Maps - West,Deer Valley,unified,Negative phrase
Trail Maps - West,Deer Valley,high school,Negative phrase
Trail Maps - West,Deer Valley,mountain bike,Negative phrase
Trail Maps - West,Deer Valley,bike,Negative phrase
Trail Maps - West,Deer Valley,hiking,Negative phrase
Trail Maps - West,Deer Valley,concert,Negative phrase
Trail Maps - West,Deer Valley,amphitheater,Negative phrase
Trail Maps - West,Deer Valley,grocery,Negative phrase
Trail Maps - West,Mt. Bachelor,climb,Negative phrase
Trail Maps - West,Mt. Bachelor,climbing,Negative phrase
Trail Maps - West,Mt. Bachelor,volcano,Negative phrase
Trail Maps - West,Mt. Bachelor,eruption,Negative phrase
Trail Maps - West,Mt. Bachelor,geology,Negative phrase
Trail Maps - West,Mt. Bachelor,the bachelor,Negative phrase
Trail Maps - West,Mt. Bachelor,bachelorette,Negative phrase
Trail Maps - West,Steamboat,boat,Negative phrase
Trail Maps - West,Steamboat,boats,Negative phrase
Trail Maps - West,Steamboat,paddle,Negative phrase
Trail Maps - West,Steamboat,river,Negative phrase
Trail Maps - West,Steamboat,cruise,Negative phrase
Trail Maps - West,Steamboat,willie,Negative phrase
Trail Maps - West,Steamboat,hot springs,Negative phrase
Trail Maps - West,Steamboat,strawberry,Negative phrase
Trail Maps - West,Steamboat,fish creek,Negative phrase
Trail Maps - West,Steamboat,rabbit ears pass,Negative phrase
Trail Maps - West,Mammoth Mountain,woolly,Negative phrase
Trail Maps - West,Mammoth Mountain,extinct,Negative phrase
Trail Maps - West,Mammoth Mountain,fossil,Negative phrase
Trail Maps - West,Mammoth Mountain,tusk,Negative phrase
Trail Maps - West,Mammoth Mountain,elephant,Negative phrase
Trail Maps - West,Mammoth Mountain,cave,Negative phrase
Trail Maps - West,Mammoth Mountain,kentucky,Negative phrase
Trail Maps - West,Mammoth Mountain,national park,Negative phrase
Trail Maps - West,Mammoth Mountain,storage,Negative phrase
Trail Maps - West,Mammoth Mountain,hunting,Negative phrase
Trail Maps - West,Mammoth Mountain,mountain bike,Negative phrase
Trail Maps - West,Mammoth Mountain,bike park,Negative phrase
Trail Maps - West,Mammoth Mountain,fishing,Negative phrase
Trail Maps - West,Mammoth Mountain,hiking,Negative phrase
Trail Maps - West,Mammoth Mountain,campground,Negative phrase
Trail Maps - West,Mammoth Mountain,zip code,Negative phrase
