Campaign,Ad group,Status,Final URL,Path 1,Path 2,Headline 1,Headline 1 position,Headline 2,Headline 2 position,Headline 3,Headline 3 position,Headline 4,Headline 4 position,Headline 5,Headline 5 position,Headline 6,Headline 6 position,Headline 7,Headline 7 position,Headline 8,Headline 8 position,Headline 9,Headline 9 position,Headline 10,Headline 10 position,Headline 11,Headline 11 position,Headline 12,Headline 12 position,Headline 13,Headline 13 position,Headline 14,Headline 14 position,Headline 15,Headline 15 position,Description 1,Description 1 position,Description 2,Description 2 position,Description 3,Description 3 position,Description 4,Description 4 position
Trail Maps - East,Killington,Enabled,https://www.myskiruns.app/?resort=killington,Killington,Trail-Map,Killington Trail Map,1,Interactive Killington Map,1,Killington Run Tracker,,"135 Killington Runs, One Map",,Ski Every Run at Killington,,Track Your Killington Runs,,Skye Peak to Bear Mountain,,Tap a Run to Mark It Skied,,See What's Left to Ski,,"Free, No App to Download",,Works Offline on the Mountain,,Log Every Ski Trip,,Share Your Trip Recap,,Skier-Rated Trail Conditions,,My Ski Runs,,Tap any of the 135 runs on the Killington trail map to mark it skied. See what's left.,,"A free, independent web app. No app download or sign-up, and it works offline once opened.",,"Log every trip, see runs that are new to you and your difficulty mix, and share a recap.",,Rate today's conditions on any Killington run and see what other skiers report.,
Trail Maps - East,Stowe,Enabled,https://www.myskiruns.app/?resort=stowe,Stowe,Trail-Map,Stowe Trail Map,1,Interactive Stowe Trail Map,1,Stowe Run Tracker,,125 Stowe Runs to Check Off,,Ski Every Run at Stowe,,Track the Stowe Runs You Ski,,Mt. Mansfield & Spruce Peak,,Tap a Run to Mark It Skied,,See What's Left to Ski,,"Free, No App to Download",,Works Offline on the Mountain,,Log Every Ski Trip,,Share Your Trip Recap,,Skier-Rated Trail Conditions,,My Ski Runs,,Tap any of the 125 runs on the Stowe trail map to mark it skied. See what's left.,,"A free, independent web app. No app download or sign-up, and it works offline once opened.",,"Log every trip, see runs that are new to you and your difficulty mix, and share a recap.",,Rate today's conditions on any Stowe run and see what other skiers report.,
Trail Maps - East,Okemo,Enabled,https://www.myskiruns.app/?resort=okemo,Okemo,Trail-Map,Okemo Trail Map,1,Interactive Okemo Trail Map,1,Okemo Run Tracker,,128 Okemo Runs to Check Off,,Ski Every Run at Okemo,,Track the Okemo Runs You Ski,,Okemo and Jackson Gore,,Tap a Run to Mark It Skied,,See What's Left to Ski,,"Free, No App to Download",,Works Offline on the Mountain,,Log Every Ski Trip,,Share Your Trip Recap,,Skier-Rated Trail Conditions,,My Ski Runs,,Tap any of the 128 runs on the Okemo trail map to mark it skied. See what's left.,,"A free, independent web app. No app download or sign-up, and it works offline once opened.",,"Log every trip, see runs that are new to you and your difficulty mix, and share a recap.",,Rate today's conditions on any Okemo run and see what other skiers report.,
Trail Maps - East,Sugarbush,Enabled,https://www.myskiruns.app/?resort=sugarbush,Sugarbush,Trail-Map,Sugarbush Trail Map,1,Interactive Sugarbush Map,1,Sugarbush Run Tracker,,"138 Sugarbush Runs, One Map",,Ski Every Run at Sugarbush,,Track Your Sugarbush Runs,,Lincoln Peak & Mt. Ellen,,Tap a Run to Mark It Skied,,See What's Left to Ski,,"Free, No App to Download",,Works Offline on the Mountain,,Log Every Ski Trip,,Share Your Trip Recap,,Skier-Rated Trail Conditions,,My Ski Runs,,Tap any of the 138 runs on the Sugarbush trail map to mark it skied. See what's left.,,"A free, independent web app. No app download or sign-up, and it works offline once opened.",,"Log every trip, see runs that are new to you and your difficulty mix, and share a recap.",,Rate today's conditions on any Sugarbush run and see what other skiers report.,
Trail Maps - East,Jay Peak,Enabled,https://www.myskiruns.app/?resort=jay-peak,Jay-Peak,Trail-Map,Jay Peak Trail Map,1,Interactive Jay Peak Trail Map,1,Jay Peak Run Tracker,,88 Jay Peak Runs to Check Off,,Ski Every Run at Jay Peak,,Track Your Jay Peak Runs,,Jay Peak Trails and Glades,,Tap a Run to Mark It Skied,,See What's Left to Ski,,"Free, No App to Download",,Works Offline on the Mountain,,Log Every Ski Trip,,Share Your Trip Recap,,Skier-Rated Trail Conditions,,My Ski Runs,,Tap any of the 88 runs on the Jay Peak trail map to mark it skied. See what's left.,,"A free, independent web app. No app download or sign-up, and it works offline once opened.",,"Log every trip, see runs that are new to you and your difficulty mix, and share a recap.",,Rate today's conditions on any Jay Peak run and see what other skiers report.,
Trail Maps - East,Whiteface,Enabled,https://www.myskiruns.app/?resort=whiteface,Whiteface,Trail-Map,Whiteface Trail Map,1,Interactive Whiteface Map,1,Whiteface Run Tracker,,98 Whiteface Runs to Check Off,,Ski Every Run at Whiteface,,Track Your Whiteface Runs,,Lake Placid's Whiteface,,Tap a Run to Mark It Skied,,See What's Left to Ski,,"Free, No App to Download",,Works Offline on the Mountain,,Log Every Ski Trip,,Share Your Trip Recap,,Skier-Rated Trail Conditions,,My Ski Runs,,Tap any of the 98 runs on the Whiteface trail map to mark it skied. See what's left.,,"A free, independent web app. No app download or sign-up, and it works offline once opened.",,"Log every trip, see runs that are new to you and your difficulty mix, and share a recap.",,Rate today's conditions on any Whiteface run and see what other skiers report.,
Trail Maps - West,Winter Park,Enabled,https://www.myskiruns.app/?resort=winter-park,Winter-Park,Trail-Map,Winter Park Trail Map,1,Interactive Winter Park Map,1,Winter Park Run Tracker,,"172 Winter Park Runs, One Map",,Ski Every Run at Winter Park,,Track Your Winter Park Runs,,Mary Jane and Winter Park,,Tap a Run to Mark It Skied,,See What's Left to Ski,,"Free, No App to Download",,Works Offline on the Mountain,,Log Every Ski Trip,,Share Your Trip Recap,,Skier-Rated Trail Conditions,,My Ski Runs,,Tap any of the 172 runs on the Winter Park trail map to mark it skied. See what's left.,,"A free, independent web app. No app download or sign-up, and it works offline once opened.",,"Log every trip, see runs that are new to you and your difficulty mix, and share a recap.",,Rate today's conditions on any Winter Park run and see what other skiers report.,
Trail Maps - West,Breckenridge,Enabled,https://www.myskiruns.app/?resort=breckenridge,Breckenridge,Trail-Map,Breckenridge Trail Map,1,Interactive Breckenridge Map,1,Breckenridge Run Tracker,,"197 Breckenridge Runs, One Map",,Ski Every Run at Breckenridge,,Track Your Breckenridge Runs,,Peaks 6 Through 10,,Tap a Run to Mark It Skied,,See What's Left to Ski,,"Free, No App to Download",,Works Offline on the Mountain,,Log Every Ski Trip,,Share Your Trip Recap,,Skier-Rated Trail Conditions,,My Ski Runs,,Tap any of the 197 runs on the Breckenridge trail map to mark it skied. See what's left.,,"A free, independent web app. No app download or sign-up, and it works offline once opened.",,"Log every trip, see runs that are new to you and your difficulty mix, and share a recap.",,Rate today's conditions on any Breckenridge run and see what other skiers report.,
Trail Maps - West,Copper Mountain,Enabled,https://www.myskiruns.app/?resort=copper-mountain,Copper-Mountain,Trail-Map,Copper Mountain Trail Map,1,Interactive Copper Trail Map,1,Copper Mountain Run Tracker,,128 Copper Runs to Check Off,,Ski Every Run at Copper,,Track the Copper Runs You Ski,,"Copper Mountain, Colorado",,Tap a Run to Mark It Skied,,See What's Left to Ski,,"Free, No App to Download",,Works Offline on the Mountain,,Log Every Ski Trip,,Share Your Trip Recap,,Skier-Rated Trail Conditions,,My Ski Runs,,Tap any of 128 runs on the Copper Mountain trail map to mark it skied. See what's left.,,"A free, independent web app. No app download or sign-up, and it works offline once opened.",,"Log every trip, see runs that are new to you and your difficulty mix, and share a recap.",,Rate today's conditions on any Copper run and see what other skiers report.,
Trail Maps - West,Keystone,Enabled,https://www.myskiruns.app/?resort=keystone,Keystone,Trail-Map,Keystone Trail Map,1,Interactive Keystone Trail Map,1,Keystone Run Tracker,,145 Keystone Runs to Check Off,,Ski Every Run at Keystone,,Track Your Keystone Runs,,"Dercum, North Peak, Outback",,Tap a Run to Mark It Skied,,See What's Left to Ski,,"Free, No App to Download",,Works Offline on the Mountain,,Log Every Ski Trip,,Share Your Trip Recap,,Skier-Rated Trail Conditions,,My Ski Runs,,Tap any of the 145 runs on the Keystone trail map to mark it skied. See what's left.,,"A free, independent web app. No app download or sign-up, and it works offline once opened.",,"Log every trip, see runs that are new to you and your difficulty mix, and share a recap.",,Rate today's conditions on any Keystone run and see what other skiers report.,
Trail Maps - West,Vail,Enabled,https://www.myskiruns.app/?resort=vail,Vail,Trail-Map,Vail Trail Map,1,Interactive Vail Trail Map,1,Vail Run Tracker,,194 Vail Runs to Check Off,,Ski Every Run at Vail,,Track the Vail Runs You Ski,,Back Bowls & Blue Sky Basin,,Tap a Run to Mark It Skied,,See What's Left to Ski,,"Free, No App to Download",,Works Offline on the Mountain,,Log Every Ski Trip,,Share Your Trip Recap,,Skier-Rated Trail Conditions,,My Ski Runs,,Tap any of the 194 runs on the Vail trail map to mark it skied. See what's left.,,"A free, independent web app. No app download or sign-up, and it works offline once opened.",,"Log every trip, see runs that are new to you and your difficulty mix, and share a recap.",,Rate today's conditions on any Vail run and see what other skiers report.,
Trail Maps - East,Hunter Mountain,Enabled,https://www.myskiruns.app/?resort=hunter,Hunter-Mountain,Trail-Map,Hunter Mountain Trail Map,1,Interactive Hunter Trail Map,1,Hunter Mountain Run Tracker,,70 Hunter Runs to Check Off,,Ski Every Run at Hunter,,Track the Hunter Runs You Ski,,Hunter in the Catskills,,Tap a Run to Mark It Skied,,See What's Left to Ski,,"Free, No App to Download",,Works Offline on the Mountain,,Log Every Ski Trip,,Share Your Trip Recap,,Skier-Rated Trail Conditions,,My Ski Runs,,Tap any of the 70 runs on the Hunter Mountain trail map to mark it skied. See what's left.,,"A free, independent web app. No app download or sign-up, and it works offline once opened.",,"Log every trip, see runs that are new to you and your difficulty mix, and share a recap.",,Rate today's conditions on any Hunter run and see what other skiers report.,
Trail Maps - East,Wildcat Mountain,Enabled,https://www.myskiruns.app/?resort=wildcat,Wildcat,Trail-Map,Wildcat Mountain Trail Map,1,Interactive Wildcat Trail Map,1,Wildcat Mountain Run Tracker,,48 Wildcat Runs to Check Off,,Ski Every Run at Wildcat,,Track the Wildcat Runs You Ski,,Wildcat at Pinkham Notch,,Tap a Run to Mark It Skied,,See What's Left to Ski,,"Free, No App to Download",,Works Offline on the Mountain,,Log Every Ski Trip,,Share Your Trip Recap,,Skier-Rated Trail Conditions,,My Ski Runs,,Tap any of 48 runs on the Wildcat Mountain trail map to mark it skied. See what's left.,,"A free, independent web app. No app download or sign-up, and it works offline once opened.",,"Log every trip, see runs that are new to you and your difficulty mix, and share a recap.",,Rate today's conditions on any Wildcat run and see what other skiers report.,
Trail Maps - East,Sunday River,Enabled,https://www.myskiruns.app/?resort=sunday-river,Sunday-River,Trail-Map,Sunday River Trail Map,1,Interactive Sunday River Map,1,Sunday River Run Tracker,,"137 Sunday River Runs, One Map",,Ski Every Run at Sunday River,,Track Your Sunday River Runs,,Maine's Sunday River,,Tap a Run to Mark It Skied,,See What's Left to Ski,,"Free, No App to Download",,Works Offline on the Mountain,,Log Every Ski Trip,,Share Your Trip Recap,,Skier-Rated Trail Conditions,,My Ski Runs,,Tap any of the 137 runs on the Sunday River trail map to mark it skied. See what's left.,,"A free, independent web app. No app download or sign-up, and it works offline once opened.",,"Log every trip, see runs that are new to you and your difficulty mix, and share a recap.",,Rate today's conditions on any Sunday River run and see what other skiers report.,
Trail Maps - East,Sugarloaf,Enabled,https://www.myskiruns.app/?resort=sugarloaf,Sugarloaf,Trail-Map,Sugarloaf Trail Map,1,Interactive Sugarloaf Map,1,Sugarloaf Run Tracker,,"175 Sugarloaf Runs, One Map",,Ski Every Run at Sugarloaf,,Track Your Sugarloaf Runs,,Including the Snowfields,,Tap a Run to Mark It Skied,,See What's Left to Ski,,"Free, No App to Download",,Works Offline on the Mountain,,Log Every Ski Trip,,Share Your Trip Recap,,Skier-Rated Trail Conditions,,My Ski Runs,,Tap any of the 175 runs on the Sugarloaf trail map to mark it skied. See what's left.,,"A free, independent web app. No app download or sign-up, and it works offline once opened.",,"Log every trip, see runs that are new to you and your difficulty mix, and share a recap.",,Rate today's conditions on any Sugarloaf run and see what other skiers report.,
Trail Maps - East,Smugglers' Notch,Enabled,https://www.myskiruns.app/?resort=smugglers-notch,Smugglers-Notch,Trail-Map,Smugglers' Notch Trail Map,1,Interactive Smuggs Trail Map,1,Smugglers' Notch Run Tracker,,82 Smuggs Runs to Check Off,,Ski Every Run at Smuggs,,Track the Smuggs Runs You Ski,,"Morse, Madonna & Sterling",,Tap a Run to Mark It Skied,,See What's Left to Ski,,"Free, No App to Download",,Works Offline on the Mountain,,Log Every Ski Trip,,Share Your Trip Recap,,Skier-Rated Trail Conditions,,My Ski Runs,,Tap any of 82 runs on the Smugglers' Notch trail map to mark it skied. See what's left.,,"A free, independent web app. No app download or sign-up, and it works offline once opened.",,"Log every trip, see runs that are new to you and your difficulty mix, and share a recap.",,Rate today's conditions on any Smuggs run and see what other skiers report.,
Trail Maps - West,Whistler Blackcomb,Enabled,https://www.myskiruns.app/?resort=whistler-blackcomb,Whistler,Trail-Map,Whistler Blackcomb Trail Map,1,Interactive Whistler Trail Map,1,Whistler Blackcomb Run Tracker,,232 Whistler Runs to Check Off,,Ski Every Run at Whistler,,Track Your Whistler Runs,,Whistler and Blackcomb,,Tap a Run to Mark It Skied,,See What's Left to Ski,,"Free, No App to Download",,Works Offline on the Mountain,,Log Every Ski Trip,,Share Your Trip Recap,,Skier-Rated Trail Conditions,,My Ski Runs,,Tap any of 232 runs on the Whistler Blackcomb trail map to mark it skied. See what's left.,,"A free, independent web app. No app download or sign-up, and it works offline once opened.",,"Log every trip, see runs that are new to you and your difficulty mix, and share a recap.",,Rate today's conditions on any Whistler run and see what other skiers report.,
Trail Maps - West,Park City Mountain,Enabled,https://www.myskiruns.app/?resort=park-city,Park-City,Trail-Map,Park City Mountain Trail Map,1,Interactive Park City Map,1,Park City Mountain Run Tracker,,"345 Park City Runs, One Map",,Ski Every Run at Park City,,Track Your Park City Runs,,Park City and Canyons,,Tap a Run to Mark It Skied,,See What's Left to Ski,,"Free, No App to Download",,Works Offline on the Mountain,,Log Every Ski Trip,,Share Your Trip Recap,,Skier-Rated Trail Conditions,,My Ski Runs,,Tap any of 345 runs on the Park City Mountain trail map to mark it skied. See what's left.,,"A free, independent web app. No app download or sign-up, and it works offline once opened.",,"Log every trip, see runs that are new to you and your difficulty mix, and share a recap.",,Rate today's conditions on any Park City run and see what other skiers report.,
Trail Maps - West,Palisades Tahoe,Enabled,https://www.myskiruns.app/?resort=palisades-tahoe,Palisades-Tahoe,Trail-Map,Palisades Tahoe Trail Map,1,Interactive Palisades Map,1,Palisades Tahoe Run Tracker,,"247 Palisades Runs, One Map",,Ski Every Run at Palisades,,Track Your Palisades Runs,,Palisades and Alpine Meadows,,Tap a Run to Mark It Skied,,See What's Left to Ski,,"Free, No App to Download",,Works Offline on the Mountain,,Log Every Ski Trip,,Share Your Trip Recap,,Skier-Rated Trail Conditions,,My Ski Runs,,Tap any of 247 runs on the Palisades Tahoe trail map to mark it skied. See what's left.,,"A free, independent web app. No app download or sign-up, and it works offline once opened.",,"Log every trip, see runs that are new to you and your difficulty mix, and share a recap.",,Rate today's conditions on any Palisades run and see what other skiers report.,
Trail Maps - West,Big Sky,Enabled,https://www.myskiruns.app/?resort=big-sky,Big-Sky,Trail-Map,Big Sky Trail Map,1,Interactive Big Sky Trail Map,1,Big Sky Run Tracker,,323 Big Sky Runs to Check Off,,Ski Every Run at Big Sky,,Track the Big Sky Runs You Ski,,Lone Peak to Spanish Peaks,,Tap a Run to Mark It Skied,,See What's Left to Ski,,"Free, No App to Download",,Works Offline on the Mountain,,Log Every Ski Trip,,Share Your Trip Recap,,Skier-Rated Trail Conditions,,My Ski Runs,,Tap any of the 323 runs on the Big Sky trail map to mark it skied. See what's left.,,"A free, independent web app. No app download or sign-up, and it works offline once opened.",,"Log every trip, see runs that are new to you and your difficulty mix, and share a recap.",,Rate today's conditions on any Big Sky run and see what other skiers report.,
Trail Maps - West,Heavenly,Enabled,https://www.myskiruns.app/?resort=heavenly,Heavenly,Trail-Map,Heavenly Trail Map,1,Interactive Heavenly Trail Map,1,Heavenly Run Tracker,,120 Heavenly Runs to Check Off,,Ski Every Run at Heavenly,,Track Your Heavenly Runs,,California and Nevada Sides,,Tap a Run to Mark It Skied,,See What's Left to Ski,,"Free, No App to Download",,Works Offline on the Mountain,,Log Every Ski Trip,,Share Your Trip Recap,,Skier-Rated Trail Conditions,,My Ski Runs,,Tap any of the 120 runs on the Heavenly trail map to mark it skied. See what's left.,,"A free, independent web app. No app download or sign-up, and it works offline once opened.",,"Log every trip, see runs that are new to you and your difficulty mix, and share a recap.",,Rate today's conditions on any Heavenly run and see what other skiers report.,
Trail Maps - West,Deer Valley,Enabled,https://www.myskiruns.app/?resort=deer-valley,Deer-Valley,Trail-Map,Deer Valley Trail Map,1,Interactive Deer Valley Map,1,Deer Valley Run Tracker,,"207 Deer Valley Runs, One Map",,Ski Every Run at Deer Valley,,Track Your Deer Valley Runs,,Bald Mountain to East Village,,Tap a Run to Mark It Skied,,See What's Left to Ski,,"Free, No App to Download",,Works Offline on the Mountain,,Log Every Ski Trip,,Share Your Trip Recap,,Skier-Rated Trail Conditions,,My Ski Runs,,Tap any of the 207 runs on the Deer Valley trail map to mark it skied. See what's left.,,"A free, independent web app. No app download or sign-up, and it works offline once opened.",,"Log every trip, see runs that are new to you and your difficulty mix, and share a recap.",,Rate today's conditions on any Deer Valley run and see what other skiers report.,
Ski Run Tracker,Ski Run Tracker,Enabled,https://www.myskiruns.app/,Ski-Run-Tracker,,Free Ski Run Tracker,1,Track Every Run You Ski,1,East Coast to the West Coast,,Tap the Runs You Skied,,On the Resort's Own Trail Map,,"No GPS, Just Tap the Map",,Works Offline on the Mountain,,"22 Resorts, 3,534 Runs",,See What's Left to Ski,,"Free, No App to Download",,Log Every Ski Trip,,Share Your Trip Recap,,Skier-Rated Trail Conditions,,"Vail, Stowe, Park City & More",,My Ski Runs,,Tap the runs you ski on the resort's own trail map. See your progress and what's left.,,"A free, independent web app. No app download or sign-up, and it works offline once opened.",,"Log every trip, see runs that are new to you and your difficulty mix, and share a recap.",,22 resorts from Vermont to British Columbia.,
Ski Run Tracker,Ski Trail Checklist,Enabled,https://www.myskiruns.app/,Trail-Checklist,,Your Ski Trail Checklist,1,Check Off Every Ski Run,1,Ski Every Trail on the Map,,Progress by Difficulty,,Tap the Runs You Skied,,On the Resort's Own Trail Map,,"No GPS, Just Tap the Map",,Works Offline on the Mountain,,"22 Resorts, 3,534 Runs",,See What's Left to Ski,,"Free, No App to Download",,Log Every Ski Trip,,Share Your Trip Recap,,Skier-Rated Trail Conditions,,"Vail, Stowe, Park City & More",,Every run on the trail map is a checkbox. Tap the ones you ski and see what's left.,,"A free, independent web app. No app download or sign-up, and it works offline once opened.",,"Log every trip, see runs that are new to you and your difficulty mix, and share a recap.",,22 resorts from Vermont to British Columbia.,
Ski Run Tracker,Ski Trip Log,Enabled,https://www.myskiruns.app/,Ski-Trip-Log,,Your Ski Trip Log,1,Log Every Ski Day,1,Day-by-Day Run Log,,Runs That Are New to You,,Free Ski Journal App,,Tap the Runs You Skied,,On the Resort's Own Trail Map,,"No GPS, Just Tap the Map",,Works Offline on the Mountain,,"22 Resorts, 3,534 Runs",,See What's Left to Ski,,"Free, No App to Download",,Log Every Ski Trip,,Share Your Trip Recap,,Skier-Rated Trail Conditions,,"Name each trip, tap the runs you ski, and get a day-by-day log with your toughest runs.",,"A free, independent web app. No app download or sign-up, and it works offline once opened.",,"Log every trip, see runs that are new to you and your difficulty mix, and share a recap.",,22 resorts from Vermont to British Columbia.,
Ski Run Tracker,Interactive Trail Maps,Enabled,https://www.myskiruns.app/,Trail-Maps,,Interactive Ski Trail Maps,1,Offline Ski Trail Maps,1,Search Any Run by Name,,Add It to Your Home Screen,,Tap the Runs You Skied,,On the Resort's Own Trail Map,,"No GPS, Just Tap the Map",,Works Offline on the Mountain,,"22 Resorts, 3,534 Runs",,See What's Left to Ski,,"Free, No App to Download",,Log Every Ski Trip,,Share Your Trip Recap,,Skier-Rated Trail Conditions,,"Vail, Stowe, Park City & More",,"The resorts' own trail maps, every run clickable. Search a run and the map zooms to it.",,"A free, independent web app. No app download or sign-up, and it works offline once opened.",,"Log every trip, see runs that are new to you and your difficulty mix, and share a recap.",,22 resorts from Vermont to British Columbia.,
Ski Run Tracker,Brand,Enabled,https://www.myskiruns.app/,Ski-Run-Tracker,,My Ski Runs,1,My Ski Runs: Track Every Run,1,Tap the Runs You Skied,,On the Resort's Own Trail Map,,"No GPS, Just Tap the Map",,Works Offline on the Mountain,,"22 Resorts, 3,534 Runs",,See What's Left to Ski,,"Free, No App to Download",,Log Every Ski Trip,,Share Your Trip Recap,,Skier-Rated Trail Conditions,,"Vail, Stowe, Park City & More",,,,,,Tap the runs you ski on the resort's own trail map. See your progress and what's left.,,"A free, independent web app. No app download or sign-up, and it works offline once opened.",,"Log every trip, see runs that are new to you and your difficulty mix, and share a recap.",,22 resorts from Vermont to British Columbia.,
