Campaign,Link text,Description line 1,Description line 2,Final URL
Trail Maps - East,Sugarloaf Trail Map,175 runs to check off,Including the Snowfields,https://www.myskiruns.app/?resort=sugarloaf
Trail Maps - East,Sugarbush Trail Map,138 runs to check off,Lincoln Peak & Mt. Ellen,https://www.myskiruns.app/?resort=sugarbush
Trail Maps - East,Sunday River Trail Map,137 runs to check off,Maine's Sunday River,https://www.myskiruns.app/?resort=sunday-river
Trail Maps - East,Killington Trail Map,135 runs to check off,Skye Peak to Bear Mountain,https://www.myskiruns.app/?resort=killington
Trail Maps - East,Okemo Trail Map,128 runs to check off,Okemo and Jackson Gore,https://www.myskiruns.app/?resort=okemo
Trail Maps - East,Stowe Trail Map,125 runs to check off,Mt. Mansfield & Spruce Peak,https://www.myskiruns.app/?resort=stowe
Trail Maps - East,Whiteface Trail Map,98 runs to check off,Lake Placid's Whiteface,https://www.myskiruns.app/?resort=whiteface
Trail Maps - East,Jay Peak Trail Map,88 runs to check off,Jay Peak Trails and Glades,https://www.myskiruns.app/?resort=jay-peak
Trail Maps - East,Smugglers' Notch Map,82 runs to check off,"Morse, Madonna & Sterling",https://www.myskiruns.app/?resort=smugglers-notch
Trail Maps - East,Hunter Mountain Trail Map,70 runs to check off,Hunter in the Catskills,https://www.myskiruns.app/?resort=hunter
Trail Maps - East,Wildcat Mountain Map,48 runs to check off,Wildcat at Pinkham Notch,https://www.myskiruns.app/?resort=wildcat
Trail Maps - West,Park City Mountain Map,345 runs to check off,Park City and Canyons,https://www.myskiruns.app/?resort=park-city
Trail Maps - West,Big Sky Trail Map,323 runs to check off,Lone Peak to Spanish Peaks,https://www.myskiruns.app/?resort=big-sky
Trail Maps - West,Palisades Tahoe Trail Map,247 runs to check off,Palisades and Alpine Meadows,https://www.myskiruns.app/?resort=palisades-tahoe
Trail Maps - West,Alpine Meadows Trail Map,106 runs to check off,Alpine's front and back sides,https://www.myskiruns.app/?resort=palisades-tahoe&panel=alpine-front
Trail Maps - West,Whistler Blackcomb Map,232 runs to check off,Whistler and Blackcomb,https://www.myskiruns.app/?resort=whistler-blackcomb
Trail Maps - West,Deer Valley Trail Map,207 runs to check off,Bald Mountain to East Village,https://www.myskiruns.app/?resort=deer-valley
Trail Maps - West,Breckenridge Trail Map,197 runs to check off,Peaks 6 Through 10,https://www.myskiruns.app/?resort=breckenridge
Trail Maps - West,Vail Trail Map,194 runs to check off,Back Bowls & Blue Sky Basin,https://www.myskiruns.app/?resort=vail
Trail Maps - West,Vail Back Bowls Map,54 runs to check off,"Sun Down, Sun Up, China, Siberia",https://www.myskiruns.app/?resort=vail&panel=back-bowls
Trail Maps - West,Blue Sky Basin Map,21 runs to check off,Pete's Bowl and Earl's Bowl,https://www.myskiruns.app/?resort=vail&panel=blue-sky
Trail Maps - West,Steamboat Trail Map,189 runs to check off,Mt. Werner to Mahogany Ridge,https://www.myskiruns.app/?resort=steamboat
Trail Maps - West,Mammoth Mountain Map,182 runs to check off,Summit to the Back Side,https://www.myskiruns.app/?resort=mammoth
Trail Maps - West,Winter Park Trail Map,172 runs to check off,Mary Jane and Winter Park,https://www.myskiruns.app/?resort=winter-park
Trail Maps - West,Keystone Trail Map,145 runs to check off,"Dercum, North Peak, Outback",https://www.myskiruns.app/?resort=keystone
Trail Maps - West,Copper Mountain Trail Map,128 runs to check off,"Copper Mountain, Colorado",https://www.myskiruns.app/?resort=copper-mountain
Trail Maps - West,Snowmass Trail Map,124 runs to check off,Elk Camp to the Cirque,https://www.myskiruns.app/?resort=snowmass
Trail Maps - West,Heavenly Trail Map,120 runs to check off,California and Nevada Sides,https://www.myskiruns.app/?resort=heavenly
Trail Maps - West,Mt. Bachelor Trail Map,110 runs to check off,"Summit, Westside & Eastside",https://www.myskiruns.app/?resort=mt-bachelor
Ski Run Tracker,Killington Trail Map,135 runs to check off,Skye Peak to Bear Mountain,https://www.myskiruns.app/?resort=killington
Ski Run Tracker,Stowe Trail Map,125 runs to check off,Mt. Mansfield & Spruce Peak,https://www.myskiruns.app/?resort=stowe
Ski Run Tracker,Vail Trail Map,194 runs to check off,Back Bowls & Blue Sky Basin,https://www.myskiruns.app/?resort=vail
Ski Run Tracker,Breckenridge Trail Map,197 runs to check off,Peaks 6 Through 10,https://www.myskiruns.app/?resort=breckenridge
Ski Run Tracker,Park City Mountain Map,345 runs to check off,Park City and Canyons,https://www.myskiruns.app/?resort=park-city
Ski Run Tracker,Whistler Blackcomb Map,232 runs to check off,Whistler and Blackcomb,https://www.myskiruns.app/?resort=whistler-blackcomb
