Campaign,Callout text
Trail Maps - East,Free to Use
Trail Maps - East,No App to Download
Trail Maps - East,No Sign-Up Needed
Trail Maps - East,Works Offline
Trail Maps - East,No GPS Needed
Trail Maps - East,Trip Recaps to Share
Trail Maps - East,Skier-Rated Conditions
Trail Maps - East,"5,036 Runs on 34 Maps"
Trail Maps - East,"Phone, Tablet or Computer"
Trail Maps - East,Add to Your Home Screen
Trail Maps - West,Free to Use
Trail Maps - West,No App to Download
Trail Maps - West,No Sign-Up Needed
Trail Maps - West,Works Offline
Trail Maps - West,No GPS Needed
Trail Maps - West,Trip Recaps to Share
Trail Maps - West,Skier-Rated Conditions
Trail Maps - West,"5,036 Runs on 34 Maps"
Trail Maps - West,"Phone, Tablet or Computer"
Trail Maps - West,Add to Your Home Screen
Ski Run Tracker,Free to Use
Ski Run Tracker,No App to Download
Ski Run Tracker,No Sign-Up Needed
Ski Run Tracker,Works Offline
Ski Run Tracker,No GPS Needed
Ski Run Tracker,Trip Recaps to Share
Ski Run Tracker,Skier-Rated Conditions
Ski Run Tracker,"5,036 Runs on 34 Maps"
Ski Run Tracker,"Phone, Tablet or Computer"
Ski Run Tracker,Add to Your Home Screen
